Dec. 3, 2018
Dec. 3, 2018
Dec. 3, 2018
Dec. 2, 2018
Nov. 30, 2018
Nov. 29, 2018
Nov. 28, 2018
Nov. 28, 2018
Nov. 28, 2018
Nov. 27, 2018
Nov. 27, 2018
Nov. 27, 2018
Nov. 26, 2018
Nov. 26, 2018
Nov. 25, 2018
Nov. 24, 2018
Nov. 24, 2018
Nov. 23, 2018
Nov. 21, 2018
Nov. 21, 2018
Dec. 3, 2018
Dec. 3, 2018
Dec. 3, 2018
Dec. 2, 2018
Nov. 30, 2018
Nov. 29, 2018
Nov. 28, 2018
Nov. 28, 2018
Nov. 28, 2018
Nov. 27, 2018
Nov. 27, 2018
Nov. 27, 2018
Nov. 26, 2018
Nov. 26, 2018
Nov. 25, 2018
Nov. 24, 2018
Nov. 24, 2018
Nov. 23, 2018
Nov. 21, 2018
Nov. 21, 2018
